id,best_trajectory,qwen_trajectory,qwen_nodes,qwen_time,deepseek_trajectory,deepseek_nodes,deepseek_time,chatgpt_trajectory,chatgpt_nodes,chatgpt_time,rs_trajectory,rs_nodes,rs_time,r_trajectory,r_nodes,r_time
0000_default_env,"[4, 4, 4, 2, 3, 3, 3, 3, 2, 3, 3, 2, 2, 4, 1, 3, 1, 1, 4, 4, 2, 3, 1, 3, 2, 1, 1, 4, 4, 4]","[4, 4, 4, 2, 3, 3, 3, 3, 2, 3, 3, 2, 2, 4, 1, 3, 1, 1, 4, 4, 2, 3, 1, 3, 2, 1, 1, 4, 4, 4]",51,2087.9691548347473,"[4, 4, 4, 2, 3, 3, 3, 3, 2, 3, 3, 2, 2, 4, 1, 3, 1, 1, 4, 4, 2, 3, 1, 3, 2, 1, 4, 1, 4, 4]",42,2389.741420984268,"[4, 4, 4, 2, 3, 3, 3, 3, 2, 3, 3, 2, 2, 4, 1, 3, 1, 1, 4, 4, 2, 3, 1, 3, 2, 1, 4, 1, 4, 4]",60,848.3100051879883,"[4, 4, 4, 2, 3, 3, 3, 3, 2, 3, 3, 2, 2, 4, 1, 3, 1, 1, 4, 4, 2, 3, 1, 3, 2, 1, 1, 4, 4, 4]",54,30.016669988632202,"[4, 4, 4, 2, 3, 3, 3, 3, 2, 3, 3, 2, 2, 4, 1, 3, 1, 1, 4, 4, 2, 3, 1, 3, 2, 1, 4, 1, 4, 4]",67,40.37493968009949
0001_generated_env,"[3, 3, 3, 3, 1, 3, 3, 2, 4, 4, 4, 4, 1, 3, 3, 3, 2, 3, 1, 2, 4, 4, 4, 4, 4, 4, 1, 3, 3, 3, 3]","[3, 3, 3, 3, 1, 3, 3, 2, 4, 4, 4, 4, 1, 3, 3, 3, 2, 3, 1, 4, 4, 4, 4, 2, 4, 4, 1, 3, 3, 3, 3]",44,1441.535083770752,"[3, 3, 3, 3, 1, 3, 3, 2, 4, 4, 4, 4, 1, 3, 3, 3, 2, 3, 1, 2, 4, 4, 4, 4, 4, 4, 1, 3, 3, 3, 3]",44,2153.3746700286865,"[3, 3, 3, 3, 1, 3, 3, 2, 4, 4, 4, 4, 1, 3, 3, 3, 2, 3, 1, 4, 4, 4, 4, 2, 4, 4, 1, 3, 3, 3, 3]",47,483.2507872581482,"[3, 3, 3, 3, 1, 3, 3, 2, 4, 4, 4, 4, 1, 3, 3, 3, 2, 3, 1, 4, 2, 4, 4, 4, 4, 4, 1, 3, 3, 3, 3]",52,13.90911602973938,"[3, 3, 3, 3, 1, 3, 3, 2, 4, 4, 4, 4, 1, 3, 3, 3, 2, 4, 4, 4, 4, 4, 1, 3, 3, 3, 3, 2, 3, 3, 1]",54,13.050806283950806
0002_generated_env,"[2, 2, 2, 2, 2, 2, 3, 2, 3, 1, 1, 1, 1, 1, 2, 2, 4, 1, 4, 2]","[2, 2, 2, 2, 2, 2, 3, 2, 3, 1, 1, 1, 1, 1, 2, 2, 4, 1, 4, 2]",27,709.9791359901428,"[2, 2, 2, 2, 2, 2, 3, 2, 3, 1, 1, 1, 1, 1, 2, 2, 4, 1, 4, 2]",29,1623.764895915985,"[2, 2, 2, 2, 2, 2, 3, 2, 3, 1, 1, 1, 1, 1, 2, 2, 4, 1, 4, 2]",28,283.4215989112854,"[2, 2, 2, 2, 2, 2, 3, 2, 3, 1, 1, 1, 1, 1, 2, 2, 4, 1, 4, 2]",36,8.3858323097229,"[2, 2, 2, 2, 2, 2, 3, 2, 3, 1, 1, 1, 1, 1, 2, 2, 4, 1, 4, 2]",44,9.213000535964966
0003_generated_env,"[4, 4, 4, 2, 3, 3, 3, 1, 4, 4, 4, 1, 4, 4, 2, 2, 3, 3, 1, 4, 2, 4, 2, 2, 3, 1, 1, 3, 3, 1, 4, 1, 4, 4, 2, 2, 2]","[4, 4, 4, 2, 3, 3, 3, 4, 1, 4, 4, 1, 4, 4, 2, 2, 3, 3, 3, 4, 1, 4, 2, 4, 2, 2, 3, 1, 1, 3, 1, 1, 4, 4, 2, 2, 2]",48,1726.1466779708862,"[4, 4, 4, 2, 3, 3, 3, 4, 4, 4, 1, 1, 4, 4, 2, 2, 3, 3, 3, 4, 1, 4, 2, 4, 2, 2, 3, 1, 1, 3, 1, 1, 4, 4, 2, 2, 2]",52,2683.6908576488495,"[4, 4, 4, 2, 3, 3, 3, 4, 1, 4, 4, 1, 4, 4, 2, 2, 3, 3, 3, 4, 1, 4, 2, 4, 2, 2, 3, 1, 1, 3, 1, 1, 4, 4, 2, 2, 2]",49,652.9351122379303,"[4, 4, 4, 2, 3, 3, 3, 4, 1, 4, 4, 1, 4, 4, 2, 2, 3, 3, 3, 4, 1, 4, 2, 4, 2, 2, 3, 1, 1, 3, 1, 1, 4, 4, 2, 2, 2]",59,47.70666027069092,"[4, 4, 4, 2, 3, 3, 3, 4, 1, 4, 4, 1, 4, 4, 2, 2, 3, 3, 3, 1, 4, 4, 2, 4, 2, 2, 3, 1, 1, 3, 1, 1, 4, 4, 2, 2, 2]",86,75.38040089607239
0004_generated_env,"[4, 2, 4, 4, 2, 4, 2, 2, 4, 2, 2, 3, 3, 1, 4, 2, 4, 1, 3, 1, 1, 1, 1, 1, 1, 3, 2, 3, 2, 3, 1, 2, 2, 4, 4, 1, 4, 2]","[4, 2, 4, 4, 2, 4, 2, 2, 4, 2, 2, 3, 3, 1, 4, 2, 4, 1, 3, 1, 1, 1, 1, 1, 1, 3, 2, 3, 2, 3, 1, 2, 2, 4, 4, 1, 4, 2]",50,1532.887160539627,"[4, 2, 4, 4, 4, 2, 2, 2, 4, 2, 2, 3, 3, 1, 4, 2, 4, 1, 3, 1, 1, 1, 1, 1, 1, 3, 2, 3, 2, 3, 1, 2, 2, 4, 4, 1, 4, 2]",57,3887.8431837558746,"[4, 2, 4, 4, 2, 4, 2, 2, 4, 2, 2, 3, 3, 1, 4, 2, 4, 1, 3, 1, 1, 1, 1, 1, 1, 3, 2, 3, 2, 3, 1, 2, 2, 4, 4, 1, 4, 2]",52,914.887265920639,"[4, 2, 4, 4, 2, 4, 2, 2, 4, 2, 2, 3, 3, 1, 4, 2, 4, 1, 3, 1, 1, 1, 1, 1, 1, 3, 2, 3, 2, 3, 1, 2, 2, 4, 4, 1, 4, 2]",63,50.615559101104736,"[4, 2, 4, 4, 4, 2, 2, 2, 4, 2, 2, 3, 3, 1, 4, 2, 4, 1, 3, 1, 1, 1, 1, 1, 1, 3, 2, 3, 2, 3, 1, 2, 2, 4, 4, 1, 4, 2]",79,55.310256004333496
0005_generated_env,"[2, 3, 3, 2, 3, 3, 3, 1, 3, 2, 3, 2, 2, 2, 4, 4, 1, 1, 3, 1, 3, 2, 1, 1, 4, 4, 2, 1, 4, 4, 4, 4, 4, 2, 2, 1, 3, 3, 3, 3, 3, 3, 4, 4, 2, 3, 3]","[2, 3, 3, 2, 3, 3, 3, 3, 2, 3, 2, 2, 4, 4, 1, 1, 3, 1, 1, 3, 2, 2, 1, 4, 1, 4, 2, 4, 1, 4, 4, 4, 4, 2, 2, 1, 3, 3, 3, 3, 3, 3, 4, 4, 2, 3, 3]",72,2622.9339723587036,"[2, 3, 3, 2, 3, 3, 3, 3, 2, 3, 2, 2, 4, 4, 1, 1, 4, 1, 3, 1, 3, 2, 1, 3, 2, 2, 1, 4, 4, 4, 4, 1, 4, 4, 4, 2, 2, 1, 3, 3, 3, 3, 3, 3, 4, 2, 3]",72,3632.8307950496674,"[2, 3, 3, 2, 3, 3, 3, 3, 2, 3, 2, 2, 4, 4, 1, 1, 3, 1, 1, 3, 2, 2, 4, 1, 1, 4, 2, 1, 4, 4, 4, 4, 4, 2, 2, 1, 3, 3, 3, 3, 3, 3, 4, 4, 2, 3, 3]",66,784.2734973430634,"[2, 3, 3, 2, 3, 3, 3, 1, 3, 2, 3, 2, 2, 2, 4, 4, 1, 1, 3, 1, 3, 2, 4, 1, 1, 4, 2, 1, 4, 4, 4, 4, 4, 2, 2, 1, 3, 3, 3, 3, 3, 3, 4, 4, 2, 3, 3]",82,56.44220781326294,"[2, 3, 3, 2, 3, 3, 3, 3, 2, 3, 2, 2, 4, 4, 1, 1, 4, 1, 3, 1, 3, 2, 1, 3, 2, 2, 1, 4, 4, 1, 4, 4, 4, 4, 4, 2, 2, 1, 3, 3, 3, 3, 3, 3, 4, 2, 3]",82,45.52690839767456
0006_generated_env,"[1, 1, 3, 1, 4, 2, 4, 1, 1, 1, 2, 2, 2, 4, 4, 2, 4, 2, 3, 3, 1, 4, 1, 3, 2, 3, 1, 1, 3, 1, 1]","[1, 1, 3, 1, 4, 2, 4, 1, 1, 1, 2, 2, 2, 4, 4, 2, 4, 2, 3, 3, 1, 4, 1, 3, 2, 3, 1, 1, 3, 1, 1]",50,1973.8512094020844,"[1, 3, 1, 4, 2, 4, 1, 1, 1, 1, 2, 4, 2, 2, 4, 2, 4, 2, 3, 3, 1, 4, 1, 3, 2, 3, 1, 1, 3, 1, 1]",56,4471.403087377548,"[1, 1, 3, 1, 4, 2, 4, 1, 1, 1, 2, 2, 2, 4, 4, 2, 4, 2, 3, 3, 1, 4, 1, 3, 2, 3, 1, 1, 3, 1, 1]",53,909.7045624256134,"[1, 1, 3, 1, 4, 2, 4, 1, 1, 1, 2, 2, 2, 4, 4, 2, 4, 2, 3, 3, 1, 4, 1, 3, 2, 3, 1, 1, 3, 1, 1]",62,61.73409414291382,"[1, 1, 3, 1, 4, 2, 4, 1, 1, 1, 2, 4, 2, 2, 4, 2, 4, 2, 3, 3, 1, 4, 1, 3, 2, 3, 1, 1, 3, 1, 1]",70,86.61049222946167
0007_generated_env,"[2, 3, 3, 1, 4, 2, 4, 1, 1, 1, 3, 2, 2, 1, 3, 2, 2, 4]","[2, 3, 3, 1, 4, 2, 4, 1, 1, 1, 3, 2, 3, 2, 4, 1, 4, 2]",25,524.7166755199432,"[2, 3, 3, 1, 4, 2, 4, 1, 1, 1, 3, 2, 3, 2, 4, 1, 4, 2]",22,1252.313235282898,"[2, 3, 3, 1, 4, 2, 4, 1, 1, 1, 3, 2, 3, 2, 4, 1, 4, 2]",23,293.16414976119995,"[2, 3, 3, 1, 4, 2, 4, 1, 1, 1, 3, 2, 3, 2, 4, 1, 4, 2]",23,4.1750311851501465,"[2, 3, 3, 1, 4, 2, 4, 1, 1, 1, 3, 2, 2, 1, 3, 2, 2, 4]",36,6.211066484451294
0008_generated_env,"[3, 2, 2, 4, 2, 2, 3, 2, 4, 1, 1, 3, 1, 1, 1, 4, 2, 1, 4, 4, 2, 3, 3, 1, 3, 2, 2, 2, 4, 1, 1, 4, 1, 3]","[3, 2, 2, 4, 2, 2, 3, 2, 4, 1, 1, 3, 1, 1, 1, 4, 2, 1, 4, 4, 2, 3, 3, 1, 3, 2, 2, 2, 4, 1, 1, 4, 1, 3]",54,1679.3477652072906,"[3, 2, 2, 4, 2, 2, 3, 2, 4, 1, 1, 3, 1, 1, 1, 4, 2, 1, 4, 4, 2, 3, 3, 1, 3, 2, 2, 2, 4, 1, 1, 4, 1, 3]",54,2948.469120979309,"[3, 2, 2, 4, 2, 2, 3, 2, 4, 1, 1, 3, 1, 1, 1, 4, 2, 1, 4, 4, 2, 3, 3, 1, 3, 2, 2, 2, 4, 1, 1, 4, 1, 3]",54,651.2458136081696,"[3, 2, 2, 4, 2, 2, 3, 2, 4, 1, 1, 3, 1, 1, 1, 4, 2, 1, 4, 4, 2, 3, 3, 1, 3, 2, 2, 2, 4, 1, 1, 4, 1, 3]",53,15.685781240463257,"[3, 2, 2, 4, 2, 2, 3, 2, 4, 1, 1, 3, 1, 1, 1, 4, 2, 1, 4, 4, 2, 3, 3, 1, 3, 2, 2, 2, 4, 1, 1, 4, 1, 3]",63,16.67270064353943
0009_generated_env,"[1, 3, 1, 1, 3, 1, 3, 3, 2, 3, 2, 4, 4, 4, 2, 2, 3, 3, 1, 4, 1, 3, 2, 4, 4, 4, 4, 2, 4, 1]","[1, 3, 3, 1, 1, 3, 1, 3, 2, 3, 2, 4, 4, 4, 2, 2, 3, 3, 1, 4, 1, 3, 2, 4, 4, 4, 4, 2, 4, 1]",45,1813.831233739853,"[1, 3, 3, 1, 3, 1, 1, 3, 2, 3, 2, 4, 4, 4, 2, 2, 3, 3, 1, 4, 1, 3, 2, 4, 4, 4, 4, 2, 4, 1]",47,2516.0080602169037,"[1, 3, 3, 1, 1, 3, 1, 3, 2, 3, 2, 4, 4, 4, 2, 2, 3, 3, 1, 4, 1, 3, 2, 4, 4, 4, 4, 2, 4, 1]",42,691.5582361221313,"[1, 3, 1, 3, 1, 3, 1, 3, 2, 3, 2, 4, 4, 4, 2, 2, 3, 3, 1, 4, 1, 3, 2, 4, 4, 4, 4, 2, 4, 1]",46,84.69620561599731,"[1, 3, 3, 1, 3, 1, 1, 3, 2, 3, 2, 4, 4, 4, 2, 2, 3, 3, 1, 4, 1, 3, 4, 2, 4, 4, 4, 2, 4, 1]",61,68.54365968704224
0010_generated_env,"[4, 4, 4, 4, 2, 4, 4, 1, 1, 2, 3, 1, 1, 2, 2, 2, 3, 3, 1, 4, 2, 4, 1, 1, 4, 1, 1, 1, 1]","[4, 4, 4, 4, 2, 4, 4, 1, 3, 1, 1, 2, 2, 2, 3, 3, 1, 4, 2, 4, 1, 1, 2, 4, 1, 1, 1, 1, 1]",44,1265.8015418052673,"[4, 4, 4, 4, 2, 4, 4, 1, 1, 2, 3, 1, 1, 2, 2, 2, 3, 3, 1, 4, 2, 4, 1, 1, 4, 1, 1, 1, 1]",44,2669.4360842704773,"[4, 4, 4, 4, 2, 4, 4, 1, 1, 2, 3, 1, 1, 2, 2, 2, 3, 3, 1, 4, 2, 4, 1, 1, 4, 1, 1, 1, 1]",43,526.5808954238892,"[4, 4, 4, 4, 2, 4, 4, 1, 1, 2, 3, 1, 1, 2, 2, 2, 3, 3, 1, 4, 2, 4, 1, 1, 4, 1, 1, 1, 1]",49,12.687806367874146,"[4, 4, 4, 4, 2, 4, 4, 1, 1, 2, 3, 1, 1, 2, 2, 2, 3, 3, 1, 4, 2, 4, 1, 1, 4, 1, 1, 1, 1]",57,14.440037965774536
0011_generated_env,"[2, 3, 4, 1, 3, 3, 3, 3, 3, 3, 2, 4, 2, 2, 4, 1, 1, 4, 1, 3]","[3, 4, 2, 3, 1, 3, 3, 3, 3, 3, 2, 4, 2, 2, 4, 1, 1, 4, 1, 3]",27,699.7540822029114,"[2, 3, 4, 1, 3, 3, 3, 3, 3, 3, 2, 4, 2, 2, 4, 1, 1, 4, 1, 3]",27,1431.7329807281494,"[3, 4, 2, 3, 1, 3, 3, 3, 3, 3, 2, 4, 2, 2, 4, 1, 1, 4, 1, 3]",25,403.1644797325134,"[3, 4, 2, 3, 1, 3, 3, 3, 3, 3, 2, 4, 2, 2, 4, 1, 1, 4, 1, 3]",30,15.739814519882202,"[3, 4, 2, 3, 1, 3, 3, 3, 3, 3, 2, 4, 4, 4, 2, 3, 2, 3, 1, 1]",46,16.732378005981445
0012_generated_env,"[3, 3, 3, 3, 3, 4, 4, 1, 1, 4, 2, 4, 2, 3, 3]","[3, 3, 3, 3, 3, 4, 4, 1, 1, 4, 2, 4, 2, 3, 3]",19,609.7421996593475,"[3, 3, 3, 3, 3, 4, 4, 1, 1, 4, 2, 4, 2, 3, 3]",20,940.6994802951813,"[3, 3, 3, 3, 3, 4, 4, 1, 1, 4, 2, 4, 2, 3, 3]",21,239.19904470443726,"[3, 3, 3, 3, 3, 4, 4, 1, 1, 4, 2, 4, 2, 3, 3]",21,3.588189125061035,"[3, 3, 3, 3, 3, 4, 4, 1, 1, 4, 2, 4, 2, 3, 3]",29,4.503156900405884
0013_generated_env,"[2, 4, 3, 1, 4, 1, 4, 4, 4, 4, 4, 2, 2, 3, 1, 2, 3]","[4, 3, 2, 4, 1, 1, 4, 4, 4, 4, 4, 2, 2, 3, 3, 4, 1]",23,729.3136646747589,"[4, 3, 2, 4, 1, 1, 4, 4, 4, 4, 4, 2, 2, 3, 3, 4, 1]",24,1175.274799823761,"[4, 3, 2, 4, 1, 1, 4, 4, 4, 4, 4, 2, 2, 3, 1, 2, 3]",23,290.02619528770447,"[2, 4, 3, 1, 4, 1, 4, 4, 4, 4, 4, 2, 2, 3, 1, 2, 3]",26,3.9129278659820557,"[4, 3, 2, 4, 1, 1, 4, 4, 4, 4, 4, 2, 2, 3, 3, 4, 1]",31,5.299545526504517
0014_generated_env,"[1, 4, 1, 1, 3, 1, 1, 4, 1, 4, 1, 3, 2, 2, 3, 2, 2, 4, 1, 1, 1]","[1, 4, 1, 1, 3, 1, 1, 4, 1, 4, 1, 3, 2, 2, 3, 2, 2, 4, 1, 1, 1]",32,831.8956730365753,"[1, 4, 1, 1, 3, 1, 1, 4, 1, 4, 1, 3, 2, 2, 3, 2, 2, 4, 1, 1, 1]",25,1306.8562331199646,"[1, 4, 1, 1, 3, 1, 1, 4, 1, 4, 1, 3, 2, 2, 3, 2, 2, 4, 1, 1, 1]",27,264.16060638427734,"[1, 4, 1, 1, 3, 1, 1, 4, 1, 4, 1, 3, 2, 2, 3, 2, 2, 4, 1, 1, 1]",29,5.467007398605347,"[1, 4, 1, 1, 3, 1, 1, 4, 1, 4, 1, 3, 2, 2, 3, 2, 2, 4, 1, 1, 1]",38,7.2054359912872314
0015_generated_env,"[2, 2, 2, 1, 3, 1, 2, 2, 2, 4, 2, 2, 3, 1, 1, 1, 1, 3, 1, 4, 3, 1, 4, 4, 2, 2, 2, 2, 2, 4, 4, 4, 2, 3, 1, 1, 3]","[2, 2, 2, 1, 3, 1, 2, 2, 2, 4, 2, 2, 3, 1, 1, 1, 1, 3, 1, 4, 3, 1, 4, 4, 2, 2, 2, 2, 2, 4, 4, 4, 2, 3, 1, 1, 3]",63,2402.051738023758,"[2, 2, 2, 3, 1, 1, 2, 2, 2, 4, 2, 2, 3, 1, 1, 1, 1, 3, 1, 4, 3, 1, 4, 4, 2, 2, 2, 2, 2, 4, 4, 4, 2, 3, 1, 1, 3]",62,4342.788223266602,"[2, 2, 2, 3, 1, 1, 2, 2, 2, 4, 2, 2, 3, 1, 1, 1, 1, 3, 1, 4, 3, 1, 4, 4, 2, 2, 2, 2, 2, 4, 4, 4, 2, 3, 1, 1, 3]",58,1130.2631876468658,"[2, 2, 3, 1, 2, 4, 2, 3, 2, 4, 2, 2, 3, 1, 1, 1, 1, 3, 1, 4, 3, 1, 4, 4, 2, 2, 2, 2, 2, 4, 4, 4, 2, 3, 1, 1, 3]",79,252.3148717880249,"[2, 2, 2, 1, 3, 1, 2, 2, 2, 4, 2, 2, 3, 1, 1, 1, 1, 3, 1, 4, 3, 1, 4, 4, 2, 2, 2, 2, 2, 4, 4, 4, 2, 3, 1, 1, 3]",73,264.1326982975006
0016_generated_env,"[3, 3, 3, 2, 3, 1, 3, 2, 3, 1, 4, 4, 4, 4, 4, 2, 3, 3, 3, 3, 2, 3, 3, 1, 1]","[3, 3, 3, 2, 3, 1, 3, 2, 3, 1, 4, 4, 4, 4, 4, 2, 3, 3, 3, 3, 2, 3, 3, 1, 1]",36,1149.7514853477478,"[3, 3, 3, 2, 3, 1, 3, 2, 3, 1, 4, 4, 4, 4, 4, 2, 3, 3, 3, 3, 2, 3, 3, 1, 1]",37,2702.3660340309143,"[3, 3, 3, 2, 3, 1, 3, 2, 3, 1, 4, 4, 4, 4, 4, 2, 3, 3, 3, 3, 2, 3, 3, 1, 1]",36,587.2713885307312,"[3, 3, 3, 2, 3, 1, 3, 2, 3, 1, 4, 4, 4, 4, 4, 2, 3, 3, 3, 3, 2, 3, 3, 1, 1]",52,48.47383666038513,"[3, 3, 3, 2, 3, 1, 3, 2, 3, 1, 4, 4, 4, 4, 4, 2, 3, 3, 3, 3, 2, 3, 3, 1, 1]",52,40.57153511047363
0017_generated_env,"[1, 1, 1, 2, 2, 2, 4, 1, 1, 1, 1, 1, 2, 2, 2, 4, 1, 4, 4, 2, 3, 3, 2, 3, 1, 1, 1, 3]","[1, 1, 1, 2, 2, 2, 4, 1, 1, 1, 1, 1, 2, 2, 2, 4, 1, 4, 4, 2, 3, 3, 2, 3, 1, 1, 1, 3]",53,2039.8805315494537,"[1, 1, 1, 2, 2, 2, 4, 1, 1, 1, 1, 1, 2, 4, 4, 2, 4, 2, 3, 3, 1, 2, 2, 3, 1, 1, 1, 3]",57,4228.093266010284,"[1, 1, 1, 2, 2, 2, 4, 1, 1, 1, 1, 1, 2, 2, 2, 4, 1, 4, 4, 2, 3, 3, 2, 3, 1, 1, 1, 3]",58,832.2469120025635,"[1, 1, 1, 2, 2, 2, 4, 1, 1, 1, 1, 1, 2, 4, 4, 2, 4, 2, 3, 3, 1, 2, 2, 3, 1, 1, 1, 3]",60,86.13754725456238,"[1, 1, 1, 2, 2, 2, 4, 1, 1, 1, 1, 1, 2, 2, 2, 4, 1, 4, 4, 2, 3, 3, 2, 3, 1, 1, 1, 3]",65,88.61728715896606
0018_generated_env,"[1, 1, 1, 1, 1, 1, 4, 1, 3, 3, 2, 4, 2, 2, 2, 2, 2, 2, 4, 4, 1, 3, 2, 3, 1, 1, 1, 4, 1, 2, 2, 3, 2, 2, 4, 4, 1, 3, 2, 3, 1, 1, 4, 1, 3, 1, 1, 1, 2, 4, 1, 1, 3]","[1, 1, 1, 1, 1, 1, 4, 1, 3, 3, 2, 4, 2, 2, 2, 2, 2, 2, 4, 4, 1, 3, 2, 3, 1, 1, 1, 4, 1, 2, 2, 3, 2, 2, 4, 4, 1, 3, 2, 3, 1, 1, 4, 1, 3, 1, 1, 4, 3, 1, 4, 1, 3]",71,2952.843435049057,"[1, 1, 1, 1, 1, 1, 4, 1, 3, 3, 4, 2, 2, 2, 2, 2, 2, 2, 4, 4, 1, 3, 2, 3, 1, 1, 1, 4, 1, 2, 2, 3, 2, 2, 4, 4, 1, 3, 2, 3, 1, 1, 4, 1, 3, 1, 1, 4, 3, 1, 4, 1, 3]",77,4736.213408231735,"[1, 1, 1, 1, 1, 1, 4, 1, 3, 3, 4, 2, 2, 2, 2, 2, 2, 2, 4, 4, 1, 3, 2, 3, 1, 1, 1, 4, 1, 2, 2, 3, 2, 2, 4, 4, 1, 3, 2, 3, 1, 1, 4, 1, 3, 1, 1, 4, 3, 1, 4, 1, 3]",71,965.1620485782623,"[1, 1, 1, 1, 1, 1, 4, 1, 3, 3, 4, 2, 2, 2, 2, 2, 2, 2, 4, 4, 1, 3, 2, 3, 1, 1, 1, 4, 2, 3, 2, 2, 4, 4, 1, 3, 2, 3, 1, 1, 4, 1, 1, 2, 3, 1, 1, 4, 3, 1, 4, 1, 3]",83,57.51905393600464,"[1, 1, 1, 1, 1, 1, 4, 1, 3, 3, 4, 2, 2, 2, 2, 2, 2, 2, 4, 4, 1, 3, 2, 3, 1, 1, 1, 4, 2, 3, 2, 2, 4, 4, 1, 3, 2, 3, 1, 1, 4, 1, 1, 2, 3, 1, 1, 4, 3, 1, 4, 1, 3]",98,59.13697123527527
0019_generated_env,"[3, 1, 3, 4, 2, 3, 3, 2, 2, 2, 3, 3, 3, 3, 1, 4, 4, 2, 4, 1, 4, 1, 4, 2, 4, 2, 3, 3, 3]","[3, 1, 3, 4, 2, 3, 3, 2, 4, 2, 3, 3, 2, 3, 3, 3, 1, 4, 4, 2, 4, 1, 4, 4, 4, 2, 3, 3, 3]",42,1329.0969738960266,"[3, 3, 3, 4, 4, 1, 3, 2, 2, 2, 3, 2, 3, 3, 3, 3, 1, 4, 4, 2, 4, 1, 4, 4, 4, 2, 3, 3, 3]",38,2701.342297077179,"[3, 3, 3, 4, 4, 1, 3, 2, 2, 2, 3, 3, 3, 2, 3, 3, 1, 4, 4, 2, 4, 1, 4, 4, 4, 2, 3, 3, 3]",38,493.1995117664337,"[3, 1, 3, 4, 2, 3, 3, 2, 2, 2, 3, 3, 3, 3, 1, 4, 4, 2, 4, 1, 4, 1, 4, 2, 4, 2, 3, 3, 3]",43,64.34239220619202,"[3, 1, 3, 4, 2, 3, 3, 2, 2, 2, 3, 3, 3, 3, 1, 4, 4, 2, 4, 1, 4, 1, 4, 2, 4, 2, 3, 3, 3]",62,110.62784767150879
0020_generated_env,"[3, 2, 4, 2, 3, 1, 3, 1, 4, 1, 1, 1, 4, 4, 2, 3, 1, 3, 3, 3, 2, 2, 2]","[3, 2, 4, 2, 3, 1, 3, 1, 4, 1, 1, 1, 4, 4, 2, 3, 1, 3, 3, 3, 2, 2, 2]",39,1328.243579864502,"[3, 2, 4, 2, 3, 1, 3, 1, 4, 1, 1, 1, 4, 4, 2, 3, 1, 3, 3, 3, 2, 2, 2]",38,2567.924349784851,"[3, 4, 2, 2, 3, 1, 3, 1, 4, 1, 1, 1, 4, 4, 2, 3, 1, 3, 3, 3, 2, 2, 2]",36,478.0969982147217,"[3, 2, 4, 2, 3, 1, 3, 1, 4, 1, 1, 1, 4, 4, 2, 3, 1, 3, 3, 3, 2, 2, 2]",41,10.39225721359253,"[3, 4, 2, 2, 3, 1, 3, 1, 4, 1, 1, 1, 4, 4, 2, 3, 1, 3, 3, 3, 2, 2, 2]",56,18.613441228866577
